[
  {
    "id": 1,
    "title": "Nike T-shirt Noir",
    "brand": "nike",
    "category": "tshirt",
    "price": 20,
    "image": "https://images1.vinted.net/t/01_02386_4XuNbUV2wKPkVcGjSfKMofAN/f800/1762870127.webp?s=23b46c621aebdf2603d61e46ced00c2e1835cd00",
    "link": "https://www.vinted.fr/hommes/t-shirts/1762870127-nike-t-shirt-noir",
    "date" : "2024-06-10",
    "Etat" : "Comme Neuf",
    "Taille" : "M"
 },
   {
    "id": 1,
    "title": "Nike T-shirt Noir",
    "brand": "nike",
    "category": "tshirt",
    "price": 20,
    "image": "https://images1.vinted.net/t/01_0005e_85LZjbuXVMYqxx1xtZpXAG6W/f800/1766438264.webp?s=1b9ca442a9aa8872beaef24594552548e5e1a6e2",
    "link": "https://www.vinted.fr/hommes/t-shirts/1762870127-nike-t-shirt-noir",
    "date" : "2024-06-10",
    "Etat" : "Comme Neuf",
    "Taille" : "M"
 },
    {
    "id": 1,
    "title": "Nike T-shirt Noir",
    "brand": "nike",
    "category": "tshirt",
    "price": 20,
    "image": "https://images1.vinted.net/t/01_0131d_aDSzx5wSugrbC2N1n8x5f2qa/f800/1766436693.webp?s=d48edbadc51e297b7ead9cc65b3291b541058f5c",
    "link": "https://www.vinted.fr/hommes/t-shirts/1762870127-nike-t-shirt-noir",
    "date" : "2024-06-10",
    "Etat" : "Comme Neuf",
    "Taille" : "M"
 },
    {
    "id": 1,
    "title": "Nike T-shirt Noir",
    "brand": "nike",
    "category": "tshirt",
    "price": 20,
    "image": "https://images1.vinted.net/t/05_00157_UJ3RQZcwFTc1QsDV4e63Nwci/f800/1766151331.webp?s=23037303783e635df1e35f2f432e670f6d7b727b",
    "link": "https://www.vinted.fr/hommes/t-shirts/1762870127-nike-t-shirt-noir",
    "date" : "2024-06-10",
    "Etat" : "Comme Neuf",
    "Taille" : "M"
 },
    {
    "id": 1,
    "title": "Nike T-shirt Noir",
    "brand": "nike",
    "category": "tshirt",
    "price": 20,
    "image": "https://images1.vinted.net/t/06_007dc_bovV6zpwH6xtmU4pYoRZatDu/f800/1766430048.webp?s=91611e481304a1d245cb17b0e414c0c85d4f3d3e",
    "link": "https://www.vinted.fr/hommes/t-shirts/1762870127-nike-t-shirt-noir",
    "date" : "2024-06-10",
    "Etat" : "Comme Neuf",
    "Taille" : "M"
 },
   {
   "id": 1,
   "title": "Nike T-shirt Noir",
   "brand": "nike",
   "category": "tshirt",
   "price": 20,
   "image": "https://images1.vinted.net/t/01_0005e_85LZjbuXVMYqxx1xtZpXAG6W/f800/1766438264.webp?s=1b9ca442a9aa8872beaef24594552548e5e1a6e2",
   "link": "https://www.vinted.fr/hommes/t-shirts/1762870127-nike-t-shirt-noir",
   "date" : "2024-06-10",
   "Etat" : "Comme Neuf",
   "Taille" : "M"
   },
   {
   "id": 1,
   "title": "Nike T-shirt Noir",
   "brand": "nike",
   "category": "tshirt",
   "price": 20,
   "image": "https://images1.vinted.net/t/01_0131d_aDSzx5wSugrbC2N1n8x5f2qa/f800/1766436693.webp?s=d48edbadc51e297b7ead9cc65b3291b541058f5c",
   "link": "https://www.vinted.fr/hommes/t-shirts/1762870127-nike-t-shirt-noir",
   "date" : "2024-06-10",
   "Etat" : "Comme Neuf",
   "Taille" : "M"
   },
   {
   "id": 1,
   "title": "Nike T-shirt Noir",
   "brand": "nike",
   "category": "tshirt",
   "price": 20,
   "image": "https://images1.vinted.net/t/05_00157_UJ3RQZcwFTc1QsDV4e63Nwci/f800/1766151331.webp?s=23037303783e635df1e35f2f432e670f6d7b727b",
   "link": "https://www.vinted.fr/hommes/t-shirts/1762870127-nike-t-shirt-noir",
   "date" : "2024-06-10",
   "Etat" : "Comme Neuf",
   "Taille" : "M"
   },
   {
   "id": 1,
   "title": "Nike T-shirt Noir",
   "brand": "nike",
   "category": "tshirt",
   "price": 20,
   "image": "https://images1.vinted.net/t/06_007dc_bovV6zpwH6xtmU4pYoRZatDu/f800/1766430048.webp?s=91611e481304a1d245cb17b0e414c0c85d4f3d3e",
   "link": "https://www.vinted.fr/hommes/t-shirts/1762870127-nike-t-shirt-noir",
   "date" : "2024-06-10",
   "Etat" : "Comme Neuf",
   "Taille" : "M"
   },
   {
   "id": 1,
   "title": "Nike T-shirt Noir",
   "brand": "nike",
   "category": "tshirt",
   "price": 20,
   "image": "https://images1.vinted.net/t/01_0005e_85LZjbuXVMYqxx1xtZpXAG6W/f800/1766438264.webp?s=1b9ca442a9aa8872beaef24594552548e5e1a6e2",
   "link": "https://www.vinted.fr/hommes/t-shirts/1762870127-nike-t-shirt-noir",
   "date" : "2024-06-10",
   "Etat" : "Comme Neuf",
   "Taille" : "M"
   },
   {
   "id": 1,
   "title": "Nike T-shirt Noir",
   "brand": "nike",
   "category": "tshirt",
   "price": 20,
   "image": "https://images1.vinted.net/t/01_0131d_aDSzx5wSugrbC2N1n8x5f2qa/f800/1766436693.webp?s=d48edbadc51e297b7ead9cc65b3291b541058f5c",
   "link": "https://www.vinted.fr/hommes/t-shirts/1762870127-nike-t-shirt-noir",
   "date" : "2024-06-10",
   "Etat" : "Comme Neuf",
   "Taille" : "M"
   },
   {
   "id": 1,
   "title": "Nike T-shirt Noir",
   "brand": "nike",
   "category": "tshirt",
   "price": 20,
   "image": "https://images1.vinted.net/t/05_00157_UJ3RQZcwFTc1QsDV4e63Nwci/f800/1766151331.webp?s=23037303783e635df1e35f2f432e670f6d7b727b",
   "link": "https://www.vinted.fr/hommes/t-shirts/1762870127-nike-t-shirt-noir",
   "date" : "2024-06-10",
   "Etat" : "Comme Neuf",
   "Taille" : "M"
   },
   {
   "id": 1,
   "title": "Nike T-shirt Noir",
   "brand": "nike",
   "category": "tshirt",
   "price": 20,
   "image": "https://images1.vinted.net/t/06_007dc_bovV6zpwH6xtmU4pYoRZatDu/f800/1766430048.webp?s=91611e481304a1d245cb17b0e414c0c85d4f3d3e",
   "link": "https://www.vinted.fr/hommes/t-shirts/1762870127-nike-t-shirt-noir",
   "date" : "2024-06-10",
   "Etat" : "Comme Neuf",
   "Taille" : "M"
   }
]
