[
  {
    "title": "1. Objet",
    "content": "Les présentes Conditions Générales de Vente régissent l’utilisation des services proposés par RESLY, incluant les outils et plateformes destinés aux resellers Vinted."
  },
  {
    "title": "2. Commandes et Paiement",
    "content": "Toutes les commandes effectuées sur notre plateforme doivent être accompagnées d’un paiement valide. Les modes de paiement acceptés sont indiqués lors du processus d’achat."
  },
  {
    "title": "3. Livraison des services",
    "content": "Les services numériques sont accessibles immédiatement après confirmation du paiement. Aucun remboursement ne sera effectué après activation des services, sauf disposition légale contraire."
  },
  {
    "title": "4. Responsabilités",
    "content": "RESLY met tout en œuvre pour assurer la disponibilité et le bon fonctionnement des outils, mais ne peut être tenu responsable des interruptions ou incidents techniques."
  },
  {
    "title": "5. Modification des CGV",
    "content": "RESLY se réserve le droit de modifier les présentes CGV à tout moment. Les utilisateurs seront informés de toute modification importante."
  },
  {
    "title": "6. Contact",
    "content": "Pour toute question concernant ces Conditions Générales de Vente, veuillez nous contacter via notre support 24/7 ou rejoindre notre Discord."
  }
]
