[
  {
    "question": "Comment fonctionne RESLY ?",
    "answer": "RESLY fournit des outils professionnels pour gérer votre activité de reselling Vinted, optimiser vos recherches et augmenter vos ventes."
  },
  {
    "question": "Quels sont les tarifs ?",
    "answer": "Nous proposons plusieurs offres adaptées à tous les besoins, détaillées dans la section Tarifs."
  },
  {
    "question": "Comment contacter le support ?",
    "answer": "Le support est disponible 24/7 via notre Discord ou notre formulaire de contact sur la plateforme."
  },
  {
    "question": "Puis-je annuler mon abonnement ?",
    "answer": "Oui, vous pouvez annuler votre abonnement à tout moment depuis votre compte. Les conditions détaillées sont dans les CGV."
  }
]
