[
  {
    "username": "Lola123",
    "avatar": "https://cdn-icons-png.flaticon.com/512/733/733579.png",
    "message": "Super outils, ça m’a fait gagner un temps fou !",
    "server": "Resly Community"
  },
  {
    "username": "Maxime_R",
    "avatar": "https://cdn-icons-png.flaticon.com/512/145/145867.png",
    "message": "Les stats sont top, je recommande à tous les resellers.",
    "server": "Resly Community"
  },
  {
    "username": "VintedQueen",
    "avatar": "https://cdn-icons-png.flaticon.com/512/147/147144.png",
    "message": "Excellent support et très simple à utiliser.",
    "server": "Resly Community"
  }
]
